stat,base_rate_above,n_games,n_scored,evaluation,season,cutoff,n_calls,coverage,accuracy,balanced_accuracy,level_only_accuracy_same_games,level_only_balanced_accuracy,majority_accuracy_same_games,shipped,acc_ci_lo,acc_ci_hi,share_below_calls,accuracy_above_calls,accuracy_below_calls,lift_vs_level_only,lift_ci_lo,lift_ci_hi
PTS,0.48173965511766015,63161,62978,all_calls_loso,pooled,0.0,63161,1.0,0.5613388802438947,0.55528659808391,0.5182603448823399,0.5010939831601788,0.5182603448823399,True,,,,,,,,
PTS,0.48173965511766015,63161,62978,strong_lean_loso,pooled,0.07,20932,0.3314070391539083,0.6248622754491018,0.616873183675142,0.5249820359281437,,0.5261317365269461,True,0.6174395316293307,0.6323182593105056,0.6589700598802395,0.6447534766118836,0.6145681884268682,0.09988023952095804,0.08638778942294571,0.11321388770736644
PTS,0.48173965511766015,21032,20968,strong_lean_loso,2023-24,0.07,6675,0.3173735260555344,0.6328277519147019,0.6203832690335729,0.5343144616308755,,0.537918606397357,True,0.6182131249089742,0.6469455904208048,0.6732242078390148,0.6452205882352942,0.6268124024091011,0.09851329028382638,0.07661176270329244,0.12099139334046687
PTS,0.48173965511766015,20928,20873,strong_lean_loso,2024-25,0.07,6962,0.332664373088685,0.6138000576202823,0.6077061059883985,0.5201670988187842,,0.5201670988187842,True,0.5999970794392523,0.6273172145739593,0.6554307116104869,0.6358695652173914,0.6021978021978022,0.09363295880149813,0.07285542131084884,0.11600663509306619
PTS,0.48173965511766015,21201,21137,strong_lean_loso,2025-26,0.065,7295,0.3440875430404226,0.628127577673907,0.6220629398168483,0.5210338190816607,,0.5210338190816607,True,0.616385787155573,0.6402318147786596,0.6492988726972779,0.6526852214817719,0.6148634342578869,0.10709375859224635,0.08244672924787272,0.13080801883211932
PTS,0.48173965511766015,63161,62978,shipped_cutoff_on_loso,pooled,0.07,20305,0.3214800272319944,0.6251419542783785,0.6175134813132905,0.5241692588752284,,0.5253542685034316,True,0.617407223746115,0.6327275518993081,0.6563965832222387,0.6452076447765484,0.6146381826387844,0.10097269540315013,0.08804186811811701,0.1144527926386211
AST,0.4614020796396569,63161,62607,all_calls_loso,pooled,0.0,63161,1.0,0.5633555353235261,0.5435668290616265,0.538597920360343,0.5,0.538597920360343,True,,,,,,,,
AST,0.4614020796396569,63161,62607,strong_lean_loso,pooled,0.075,21390,0.3386583492978262,0.6201945782563522,0.57112519515971,0.5777840748087277,,0.5777840748087277,True,0.6116032505530776,0.6290621949274299,0.8264853121753093,0.6222101252041372,0.6197714285714285,0.042410503447624426,0.03376422932616106,0.05121087398392338
AST,0.4614020796396569,21032,20859,strong_lean_loso,2023-24,0.075,7102,0.3376759224039559,0.6266685600681624,0.5698112821771044,0.5914512922465208,,0.5914512922465208,True,0.612060939238419,0.6407167254751669,0.823629650667424,0.5998389694041868,0.6324137931034483,0.035217267821641585,0.02148501445969479,0.04979555369906249
AST,0.4614020796396569,20928,20727,strong_lean_loso,2024-25,0.075,7178,0.34298547400611623,0.6121844591736003,0.5669305539596321,0.5701593569313214,,0.5701593569313214,True,0.5962357671182027,0.627874075577254,0.8318995910308842,0.625,0.6095948465841668,0.042025102242278956,0.027562353667275736,0.0564223211147127
AST,0.4614020796396569,21201,21021,strong_lean_loso,2025-26,0.075,7110,0.33536153955002124,0.6217866780286891,0.5768650537674271,0.5717937792927141,,0.5717937792927141,True,0.6082814846435377,0.6350142760682639,0.8238886521800881,0.6419354838709678,0.6174797448715739,0.04999289873597501,0.03448714749273767,0.06565517991520341
AST,0.4614020796396569,63161,62607,shipped_cutoff_on_loso,pooled,0.075,21390,0.3386583492978262,0.6201945782563522,0.57112519515971,0.5777840748087277,,0.5777840748087277,True,0.6120139714773073,0.6286756425691978,0.8264853121753093,0.6222101252041372,0.6197714285714285,0.042410503447624426,0.03374844732803639,0.050970127277771754
REB,0.46882474884388453,63161,62710,all_calls_loso,pooled,0.0,63161,1.0,0.561808324031255,0.5456300175428923,0.530553340774996,0.4998457900121922,0.5311752511561154,True,,,,,,,,
REB,0.46882474884388453,63161,62710,strong_lean_loso,pooled,0.075,18071,0.2861100995867703,0.6241079393398751,0.6001481448886347,0.5523528099910794,,0.5538024085637824,True,0.6159012233115605,0.6319953529248432,0.7334411239964318,0.6318761765321063,0.6212846826301787,0.07175512934879569,0.060716052671627635,0.08384041937130808
REB,0.46882474884388453,21032,20889,strong_lean_loso,2023-24,0.08,5250,0.24961962723469,0.6474875335634829,0.6176081099799624,0.5686612965093978,,0.5736478711162255,True,0.6315952601343174,0.663239872527286,0.7201764480245493,0.6319396847155586,0.6535286284953395,0.07882623705408509,0.056035988468632024,0.10184751422336316
REB,0.46882474884388453,20928,20771,strong_lean_loso,2024-25,0.075,6066,0.2898509174311927,0.6126455906821964,0.5914199084391806,0.5494176372712146,,0.5494176372712146,True,0.5984169385026343,0.62641700052429,0.7237936772046589,0.6144578313253012,0.6119540229885058,0.06322795341098175,0.04412773203144674,0.08431063380283707
REB,0.46882474884388453,21201,21050,strong_lean_loso,2025-26,0.075,6755,0.31861704636573746,0.6162097735399285,0.5955360720009157,0.5423122765196663,,0.5423122765196663,True,0.603102178174213,0.6289702737158245,0.7523837902264601,0.6492178098676293,0.6053465346534653,0.07389749702026216,0.054932274290696095,0.0934215856827439
REB,0.46882474884388453,63161,62710,shipped_cutoff_on_loso,pooled,0.075,18631,0.2949763303304254,0.6225935539692841,0.5978045292450329,0.5532121998702142,,0.5546722907203114,True,0.6142834416460009,0.6308620242636223,0.7373999567380489,0.6293245469522241,0.620196538574362,0.06938135409906987,0.05847286081188055,0.08171092926857573
STL,0.4135941006732927,63161,62380,all_calls_loso,pooled,0.0,63161,1.0,0.5876723308752806,0.5091668467964449,0.5859570375120231,0.4999028358784611,0.5864058993267073,False,,,,,,,,
STL,0.4135941006732927,63161,62380,strong_lean_loso,pooled,0.09,28519,0.45152863317553554,0.6222206385404789,0.5026938348114951,0.6207596921322691,,0.6207596921322691,False,0.6134484009893665,0.6306154048465922,0.9955458950969214,0.664,0.6220337163105336,0.0014609464082098178,0.0005931571172679035,0.0025474145110336273
STL,0.4135941006732927,21032,20758,strong_lean_loso,2023-24,0.1,8154,0.38769494104222135,0.6559770401796855,0.5007844206917637,0.6558522585475418,,0.6558522585475418,False,0.6403871621594455,0.671539103732181,0.9981282755178438,0.5333333333333333,0.6562070258782348,0.00012478163214368898,0.0,0.00038634046573515746
STL,0.4135941006732927,20928,20666,strong_lean_loso,2024-25,0.085,10815,0.5167717889908257,0.6022406326492186,0.502479434033652,0.6007343249858784,,0.6007343249858784,False,0.5881453233783827,0.6167030139944115,0.9956693654678969,0.6739130434782609,0.601928895612708,0.001506307663340145,0.0003645062742264865,0.0029427590039196112
STL,0.4135941006732927,21201,20956,strong_lean_loso,2025-26,0.09,9550,0.45045045045045046,0.6160373355960967,0.5043084142940213,0.6134917267713195,,0.6134917267713195,False,0.602122036637725,0.6303100603236411,0.9932117098005939,0.6875,0.6155489107219138,0.002545608824777279,0.00033272369741892404,0.005401098227736494
STL,0.4135941006732927,63161,62380,shipped_cutoff_on_loso,pooled,0.09,29529,0.4675195136239135,0.6211192951056653,0.5025448010209486,0.6197425483582295,,0.6197425483582295,False,0.6130539129513317,0.6296513472780624,0.995732085082949,0.6612903225806451,0.6209471137227791,0.0013767467474358197,0.0005174779941310076,0.0023784986015112407
BLK,0.29972267536704733,63161,61300,all_calls_loso,pooled,0.0,63161,1.0,0.6922512234910277,0.5118435417766637,0.692300163132137,0.510555360755546,0.7002773246329527,False,,,,,,,,
BLK,0.29972267536704733,63161,61300,strong_lean_loso,pooled,0.0,63161,1.0,0.6922512234910277,0.5118435417766637,0.692300163132137,,0.7002773246329527,False,0.6834446501198259,0.7007166627140434,0.9551386623164764,0.41054545454545455,0.7054824935952178,-4.893964110930238e-05,-0.0012205526319071097,0.001277109242529647
BLK,0.29972267536704733,21032,20384,strong_lean_loso,2023-24,0.0,21032,1.0,0.6797978806907379,0.5101868630400821,0.6801903453689168,,0.6907868916797488,False,0.6644550461620865,0.6954040433038079,0.9483908948194663,0.3935361216730038,0.6953755431409062,-0.0003924646781788832,-0.001884176732709994,0.0011034489676965131
BLK,0.29972267536704733,20928,20396,strong_lean_loso,2024-25,0.0,20928,1.0,0.7003333987056286,0.5135872985984383,0.699745048048637,,0.7069523435967837,False,0.6858166068442874,0.715162251411005,0.9568052559325357,0.42338251986379116,0.7128362797847809,0.0005883506569915875,-0.0018389404917708325,0.0030187254390463656
BLK,0.29972267536704733,21201,20520,strong_lean_loso,2025-26,0.0,21201,1.0,0.696588693957115,0.5116028036632037,0.6969298245614035,,0.7030701754385965,False,0.6813111178543751,0.7113361090359108,0.9601851851851851,0.4186046511627907,0.7081155154037456,-0.0003411306042885309,-0.002638469546872679,0.0019819697502798357
BLK,0.29972267536704733,63161,61300,shipped_cutoff_on_loso,pooled,0.0,63161,1.0,0.6922512234910277,0.5118435417766637,0.692300163132137,,0.7002773246329527,False,0.6837764029689135,0.7005983792107139,0.9551386623164764,0.41054545454545455,0.7054824935952178,-4.893964110930238e-05,-0.0012758469074862278,0.0012408836397070628
FG3M,0.41081090395285524,63161,58034,all_calls_loso,pooled,0.0,63161,1.0,0.5915153186063342,0.5224762964259094,0.5852431333356308,0.5006070367335392,0.5891890960471448,False,,,,,,,,
FG3M,0.41081090395285524,63161,58034,strong_lean_loso,pooled,0.06,44235,0.7003530659742563,0.6219332179578541,0.5150302867320886,0.6151379415657131,,0.6154942481930163,False,0.6131708936637361,0.6312536664669057,0.9662781227730836,0.5954716981132075,0.6228566913372139,0.006795276392140948,0.0043440575648167005,0.009207369402493974
FG3M,0.41081090395285524,21032,19324,strong_lean_loso,2023-24,0.06,14172,0.6738303537466718,0.632561851556265,0.5138016193449608,0.6276935355147646,,0.627294493216281,False,0.6160662835086333,0.6493373988712252,0.9699920191540303,0.5877659574468085,0.6339476715484614,0.004868316041500398,0.0009737218272025588,0.00920379220903392
FG3M,0.41081090395285524,20928,19092,strong_lean_loso,2024-25,0.045,15713,0.7508123088685015,0.6042220147914124,0.5158219293408657,0.5956774610468873,,0.5968981115818195,False,0.5897683613046294,0.6200232300282654,0.9592159115387378,0.5897887323943662,0.6048356912942585,0.008544553744525007,0.004413352229973083,0.012907558855006145
FG3M,0.41081090395285524,21201,19618,strong_lean_loso,2025-26,0.06,14350,0.6768548653365407,0.6307752239968836,0.5149127842044717,0.6239968835216205,,0.6241527074405921,False,0.614884186542081,0.646782546842231,0.9703155434359174,0.6115485564304461,0.6313634173759435,0.006778340475263045,0.0030248876624251212,0.01098332974149613
FG3M,0.41081090395285524,63161,58034,shipped_cutoff_on_loso,pooled,0.06,42534,0.6734218900904039,0.6249800606157282,0.5142595674195908,0.6184931142659648,,0.6186526293401393,False,0.6156785880086894,0.6340035060271163,0.9699579943638007,0.6053097345132743,0.6255892994189234,0.006486946349763434,0.0042431309132051395,0.008982186002737865
TOV,0.43230742145612266,63161,62481,all_calls_loso,pooled,0.0,63161,1.0,0.5761431475168451,0.5217240030132343,0.5676925785438773,0.5,0.5676925785438773,False,,,,,,,,
TOV,0.43230742145612266,63161,62481,strong_lean_loso,pooled,0.09,21154,0.33492186634157156,0.6245087702482507,0.5245123333424675,0.6123837822294642,,0.6123837822294642,False,0.6162105619370405,0.6325384175157639,0.9503977762867823,0.6222222222222222,0.6246281075084463,0.012124988018786476,0.007622371932594252,0.01685362940645666
TOV,0.43230742145612266,21032,20787,strong_lean_loso,2023-24,0.09,7113,0.33819893495625714,0.63478012564249,0.5256652741200614,0.6233580810965162,,0.6233580810965162,False,0.6202390077145042,0.6490870379110362,0.9486007995431183,0.6111111111111112,0.636062612883805,0.01142204454597373,0.005032959953497254,0.018616997608614207
TOV,0.43230742145612266,20928,20719,strong_lean_loso,2024-25,0.095,6553,0.3131211773700306,0.6283199505867819,0.5259385387202438,0.6147313156269302,,0.6147313156269302,False,0.6134555042778651,0.6424012498655763,0.9521309450277949,0.6419354838709678,0.6276354200454103,0.013588634959851742,0.005858547265121186,0.023171040498161415
TOV,0.43230742145612266,21201,20975,strong_lean_loso,2025-26,0.09,7488,0.35319088722230085,0.611427024099648,0.522273277680211,0.5999187652315191,,0.5999187652315191,False,0.5973738093492433,0.6262601091097564,0.9505821825074465,0.6164383561643836,0.6111665004985045,0.011508258868128896,0.004386271652109822,0.01990169605179501
TOV,0.43230742145612266,63161,62481,shipped_cutoff_on_loso,pooled,0.09,21986,0.3480945520178591,0.6226084551196349,0.523651466964498,0.6109907334839334,,0.6109907334839334,False,0.6142879098975635,0.6307534936100215,0.9510396016781153,0.6186440677966102,0.6228125454457317,0.011617721635701517,0.007404225197659206,0.016351960519516536
FG3A,0.4523841103521454,63161,60316,all_calls_loso,pooled,0.0,63161,1.0,0.5854665428741959,0.5683890940357961,0.5345016247761788,0.4988925539938915,0.5476158896478547,True,,,,,,,,
FG3A,0.4523841103521454,63161,60316,strong_lean_loso,pooled,0.045,41243,0.652982061715299,0.6225642620232172,0.5890071399072743,0.5623963515754561,,0.5673714759535655,True,0.6143778968164388,0.6311178079051799,0.7610385572139303,0.6154847104749512,0.6247871978209056,0.06016791044776115,0.052548175841923304,0.06773438449790062
FG3A,0.4523841103521454,21032,20164,strong_lean_loso,2023-24,0.045,13533,0.6434480791175352,0.6369416751707355,0.5933734519806966,0.5803438260460004,,0.5831697935473742,True,0.6217956540086642,0.651765961788864,0.7774550592668185,0.6208112874779541,0.6415589660743134,0.05659784912473509,0.04373129782242045,0.06996267240858475
FG3A,0.4523841103521454,20928,19963,strong_lean_loso,2024-25,0.035,14744,0.7045107033639144,0.5987993635180096,0.5754857923253962,0.5432518443512223,,0.5494720092579198,True,0.5859625970732573,0.6123547463419511,0.7430927238536091,0.5960022522522522,0.5997664006229316,0.05554751916678724,0.043811381051976635,0.06806485399403679
FG3A,0.4523841103521454,21201,20189,strong_lean_loso,2025-26,0.05,12966,0.6115749257110513,0.6346553587760871,0.599022823092875,0.5653945289764696,,0.5712147667747568,True,0.6201439160995303,0.6491114506131213,0.7642803691693689,0.6345679012345679,0.6346823324630113,0.06926082979961756,0.05529534702470782,0.08441675852620234
FG3A,0.4523841103521454,63161,60316,shipped_cutoff_on_loso,pooled,0.045,40416,0.6398885388135084,0.6246327324704201,0.5899106030241068,0.5636729399931178,,0.5687551285105482,True,0.6163217542343983,0.6325394363331377,0.7648693718732629,0.6188224698862996,0.6264188815060908,0.06095979247730221,0.05312791392149583,0.06924695759295213
OREB,0.40428934700209507,63161,62527,all_calls_loso,pooled,0.0,63161,1.0,0.6014681657523949,0.5163045558687046,0.5954707566331345,0.5000083857959604,0.5957106529979049,False,,,,,,,,
OREB,0.40428934700209507,63161,62527,strong_lean_loso,pooled,0.075,41551,0.6578584886243093,0.6201454244789767,0.5073134781596124,0.6163517424187155,,0.6163517424187155,False,0.6127310525801006,0.6278637564885795,0.9865762019406142,0.6413043478260869,0.6198575266829353,0.0037936820602612054,0.002266478012488493,0.005545757894545214
OREB,0.40428934700209507,21032,20836,strong_lean_loso,2023-24,0.09,11577,0.5504469379992393,0.6513393246662594,0.5090347616229934,0.6464531890759968,,0.6464531890759968,False,0.6377962060779094,0.6649226265789635,0.9884826803943809,0.7121212121212122,0.6506311236649307,0.00488613559026263,0.0023329607165430643,0.007787986234443155
OREB,0.40428934700209507,20928,20702,strong_lean_loso,2024-25,0.07,15344,0.7331804281345565,0.6040870138431114,0.5075807514831905,0.6,,0.6,False,0.5924209729451672,0.6163555620951875,0.9840474620962426,0.628099173553719,0.6036977491961415,0.004087013843111387,0.0014249249737065205,0.00719122462170434
OREB,0.40428934700209507,21201,20989,strong_lean_loso,2025-26,0.075,14630,0.6900617895382293,0.6122843340234645,0.5055854181750528,0.6096618357487923,,0.6096618357487923,False,0.5998005254516513,0.6247746117085359,0.9877156659765356,0.6067415730337079,0.6123532699832308,0.0026224982746722025,0.00025905522591304636,0.005629830749084897
OREB,0.40428934700209507,63161,62527,shipped_cutoff_on_loso,pooled,0.075,43456,0.688019505707636,0.61870988745233,0.5071355593842345,0.6149893033206213,,0.6149893033206213,False,0.6113007891791673,0.6262007294534988,0.9867919263324342,0.6408450704225352,0.6184136110849279,0.0037205841317087263,0.0022516467622454932,0.005369891718618789
