N,k,stat,n_cases,mae,directional_acc,directional_n,rel_mae_vs_season_only
5,season_only,PTS,25662,5.500362695792393,51.66868813333855,25559,1.0
5,season_only,AST,25662,1.6466656883172075,51.63218752458114,25426,1.0
5,season_only,REB,25662,2.0618891028468584,50.42996819413359,25467,1.0
5,season_only,STL,25662,0.8167577552355558,51.09116786589705,25294,1.0
5,season_only,BLK,25662,0.5957510432693982,50.39942768570407,25161,1.0
5,season_only,FG3M,25662,1.0936852163219286,50.23569302017863,24184,1.0
5,season_only,TOV,25662,1.0657480596469198,49.13007456503728,25347,1.0
5,season_only,FG3A,25662,1.7580600553031136,50.717799822566334,24798,1.0
5,season_only,OREB,25662,0.9042203425483849,50.00789328281632,25338,1.0
5,season_only,POOLED,25662,,50.59318368391784,226574,0.9999999999999991
5,2,PTS,25662,5.806615417981243,51.211126738552906,25596,1.0556786414145243
5,2,AST,25662,1.7217993095820014,52.146082858825835,25465,1.045627732330766
5,2,REB,25662,2.1566265343452518,51.605819379632166,25501,1.0459469092530675
5,2,STL,25662,0.8471014896032797,52.664403568327145,25334,1.0371514493412708
5,2,BLK,25662,0.6093391096575818,54.24085015266268,25219,1.022808296421294
5,2,FG3M,25662,1.1398445666655286,52.77674553036872,24219,1.0422053344552231
5,2,TOV,25662,1.111478695224354,52.40289923579926,25386,1.042909424195982
5,2,FG3A,25662,1.8473208410469728,53.37655539000523,24833,1.05077231888331
5,2,OREB,25662,0.9374030655336083,52.33368781755878,25389,1.036697607235537
5,2,POOLED,25662,,52.52223034960475,226942,1.0421997459478864
5,4,PTS,25662,5.641216626570335,51.246191108680364,25598,1.0256081168766729
5,4,AST,25662,1.6774413932356456,52.19525604775369,25464,1.0186897104474735
5,4,REB,25662,2.103218066321253,51.69398478550702,25502,1.020044222270408
5,4,STL,25662,0.8295422019708577,52.60332372794379,25333,1.0156526787206506
5,4,BLK,25662,0.6015448612262693,54.205162774098895,25219,1.0097252334214564
5,4,FG3M,25662,1.1140733106407752,52.72306866509765,24219,1.0186416475367674
5,4,TOV,25662,1.085307202992457,52.223754185542646,25385,1.0183525019524946
5,4,FG3A,25662,1.795057021774533,53.424878186284374,24833,1.0210441994628225
5,4,OREB,25662,0.9186491399567047,52.33781069051089,25387,1.0159571696514311
5,4,POOLED,25662,,52.510795805058606,226940,1.0181906089266877
5,8,PTS,25662,5.5466839498586005,51.32242059616361,25597,1.0084214908412572
5,8,AST,25662,1.653500294411222,52.226672950047124,25464,1.0041505729684568
5,8,REB,25662,2.073420735399205,51.75280370167046,25502,1.0055927511020961
5,8,STL,25662,0.81915395117118,52.51648048000631,25333,1.0029337902459623
5,8,BLK,25662,0.5971878930244388,54.10817669918312,25218,1.0024118291881712
5,8,FG3M,25662,1.0991978551251964,52.67982492361054,24218,1.0050404254542333
5,8,TOV,25662,1.0703636804921537,52.16466417175497,25385,1.00433087426569
5,8,FG3A,25662,1.7655020707578428,53.45709338380381,24833,1.0042330837517641
5,8,OREB,25662,0.90791262980377,52.213818640195385,25386,1.004083393263393
5,8,POOLED,25662,,52.487485458455254,226936,1.0045775790090026
5,16,PTS,25662,5.507239316417268,51.38302859821847,25596,1.001250212214212
5,16,AST,25662,1.6446760266989051,52.31699654414075,25464,0.9987917027527696
5,16,REB,25662,2.061754264066598,51.9057328836954,25502,0.9999346042519579
5,16,STL,25662,0.8154005975339725,52.48095369675917,25333,0.9983383595773855
5,16,BLK,25662,0.5956531839075034,53.965421524308034,25218,0.999835737825388
5,16,FG3M,25662,1.093214382059952,52.62201668180692,24218,0.9995694974614725
5,16,TOV,25662,1.0648713453425582,51.84951743155407,25385,0.999177371897208
5,16,FG3A,25662,1.7548201832877768,53.33628639310595,24833,0.998157132342798
5,16,OREB,25662,0.9037971329052937,52.123217521468526,25386,0.9995319618203916
5,16,POOLED,25662,,52.437041443585166,226935,0.9993985089048434
5,32,PTS,25662,5.496652358544896,51.46507266760432,25596,0.9993254377115286
5,32,AST,25662,1.643304977810282,52.41124725102105,25464,0.9979590814755119
5,32,REB,25662,2.0592747377069744,51.929260450160776,25502,0.9987320534667581
5,32,STL,25662,0.8150203677099063,52.34674140449217,25333,0.9978728239621691
5,32,BLK,25662,0.5953598904616714,54.0962804346102,25218,0.999343429084773
5,32,FG3M,25662,1.092030050634935,52.41968783549426,24218,0.9984866160186749
5,32,TOV,25662,1.0640010734181276,51.498916683080566,25385,0.9983607887314653
5,32,FG3A,25662,1.7533118609060934,53.27588289775702,24833,0.9972991853249282
5,32,OREB,25662,0.902995311777719,51.93019774678957,25386,0.9986452076855367
5,32,POOLED,25662,,52.37006191200123,226935,0.9984471803845943
5,raw_h2h,PTS,25662,6.6087236640428335,51.07707974306752,25532,1.2015068877363857
5,raw_h2h,AST,25662,1.943799521990997,52.10020942822145,25307,1.1804457551899574
5,raw_h2h,REB,25662,2.435538279687199,51.672906403940885,25375,1.1812169123569456
5,raw_h2h,STL,25662,0.9196256462214082,52.68748756713746,25135,1.125946635127064
5,raw_h2h,BLK,25662,0.6456050450731523,54.28091101949326,24983,1.0836826093164056
5,raw_h2h,FG3M,25662,1.2657190917829368,52.9093707108098,24043,1.1572974315585607
5,raw_h2h,TOV,25662,1.2418127971319657,52.577033036848796,25184,1.1652029632063097
5,raw_h2h,FG3A,25662,2.1014009040604615,53.41295546558704,24700,1.1952952902386211
5,raw_h2h,OREB,25662,1.025383836022151,52.370364488207734,25186,1.133997752287112
5,raw_h2h,POOLED,25662,,52.55694293508395,225445,1.1582880263352529
10,season_only,PTS,25662,5.500362695792393,51.66868813333855,25559,1.0
10,season_only,AST,25662,1.6466656883172075,51.63218752458114,25426,1.0
10,season_only,REB,25662,2.0618891028468584,50.42996819413359,25467,1.0
10,season_only,STL,25662,0.8167577552355558,51.09116786589705,25294,1.0
10,season_only,BLK,25662,0.5957510432693982,50.39942768570407,25161,1.0
10,season_only,FG3M,25662,1.0936852163219286,50.23569302017863,24184,1.0
10,season_only,TOV,25662,1.0657480596469198,49.13007456503728,25347,1.0
10,season_only,FG3A,25662,1.7580600553031136,50.717799822566334,24798,1.0
10,season_only,OREB,25662,0.9042203425483849,50.00789328281632,25338,1.0
10,season_only,POOLED,25662,,50.59318368391784,226574,0.9999999999999991
10,2,PTS,25662,5.819119238311598,51.238377998281116,25598,1.0579519133825563
10,2,AST,25662,1.7242119148546071,52.295307284508155,25465,1.0470928781036588
10,2,REB,25662,2.155849615428441,51.72129861982434,25504,1.0455701096881742
10,2,STL,25662,0.8449036620255063,52.7630851819689,25334,1.034460532036005
10,2,BLK,25662,0.6103070196868812,53.98889770023791,25220,1.0244329851905953
10,2,FG3M,25662,1.1403929835789608,52.70850536746491,24220,1.0427067739053022
10,2,TOV,25662,1.10983373357871,52.47567652735652,25387,1.0413659434166793
10,2,FG3A,25662,1.8531959918461274,53.497362380703095,24833,1.0541141562576548
10,2,OREB,25662,0.9363557305854617,52.217408428515164,25390,1.0355393331967173
10,2,POOLED,25662,,52.53909434195047,226951,1.0425816250197033
10,4,PTS,25662,5.656537787286218,51.30088288147512,25598,1.02839359877364
10,4,AST,25662,1.6803965868525075,52.37590323594093,25464,1.0204843635077931
10,4,REB,25662,2.104210822179672,51.80755959849436,25504,1.0205257010546203
10,4,STL,25662,0.8284673557375046,52.73150706560353,25334,1.0143366872574986
10,4,BLK,25662,0.6025952648139763,53.95503746877603,25221,1.0114883920421154
10,4,FG3M,25662,1.1153354693568396,52.6878612716763,24220,1.0197956895748495
10,4,TOV,25662,1.0848899436167985,52.30629849923189,25387,1.0179609841149702
10,4,FG3A,25662,1.801193263033857,53.47722788225345,24833,1.024534547383995
10,4,OREB,25662,0.9184250139132545,52.185899960614414,25390,1.0157093030276627
10,4,POOLED,25662,,52.53072249075792,226951,1.0192476963041281
10,8,PTS,25662,5.557790429463567,51.28135010547699,25598,1.0104407176121504
10,8,AST,25662,1.655624234956033,52.352340559220856,25464,1.0054404161709234
10,8,REB,25662,2.0744580228059286,51.819322459222086,25504,1.0060958273370357
10,8,STL,25662,0.8186821147531952,52.695981684692505,25334,1.002356095801116
10,8,BLK,25662,0.5980278466881257,53.9056304520222,25220,1.0038217363518707
10,8,FG3M,25662,1.100324057777012,52.56812551610239,24220,1.0060701574420194
10,8,TOV,25662,1.0703030573504706,52.25509118840351,25387,1.0042739910829017
10,8,FG3A,25662,1.769842571839249,53.50541618008295,24833,1.0067019988882597
10,8,OREB,25662,0.9079647237278371,52.07562032296179,25390,1.004141005243146
10,8,POOLED,25662,,52.48997576558714,226950,1.0054824384366017
10,16,PTS,25662,5.51176250831623,51.27744355027737,25598,1.0020725565120565
10,16,AST,25662,1.6454146311681737,52.50157084511468,25464,0.9992402482435203
10,16,REB,25662,2.0618747690757657,51.98400250941029,25504,0.9999930482337421
10,16,STL,25662,0.8149684264375484,52.719665271966534,25334,0.9978092294973173
10,16,BLK,25662,0.5961762190468608,53.778747026169704,25220,1.0007136802902254
10,16,FG3M,25662,1.0938224877144325,52.489677952105694,24220,1.0001255127073634
10,16,TOV,25662,1.0644668402755408,51.94390829952338,25387,0.9987978215303499
10,16,FG3A,25662,1.7565702548854862,53.533604477912455,24833,0.9991525884379584
10,16,OREB,25662,0.9037465123801396,52.0677432059866,25390,0.9994759793095233
10,16,POOLED,25662,,52.47235073804802,226950,0.9997089627513406
10,32,PTS,25662,5.4975449037140915,51.45323853426049,25598,0.9994877079505218
10,32,AST,25662,1.6432990363011915,52.50942507068803,25464,0.997955473269467
10,32,REB,25662,2.0589469010811623,51.929109159347554,25504,0.9985730552813757
10,32,STL,25662,0.8146230359764255,52.68019262650982,25334,0.9973863495688331
10,32,BLK,25662,0.5955873357188265,53.909595559080095,25220,0.9997252081176841
10,32,FG3M,25662,1.0922196450849908,52.2914946325351,24220,0.9986599697837495
10,32,TOV,25662,1.0634891389184653,51.61696931500374,25387,0.9978804364615003
10,32,FG3A,25662,1.7536639688673015,53.35642089155559,24833,0.9974994674257278
10,32,OREB,25662,0.9028224239265761,51.94564789287121,25390,0.9984540066662634
10,32,POOLED,25662,,52.40625688477638,226950,0.9984024082805701
10,raw_h2h,PTS,25662,6.599256219127071,51.09431893817783,25541,1.1997856476219828
10,raw_h2h,AST,25662,1.9412732432489164,52.24741290781262,25318,1.1789115769047085
10,raw_h2h,REB,25662,2.4262490984755196,51.784588717302235,25384,1.176711732520235
10,raw_h2h,STL,25662,0.9143457437530454,52.79678548695098,25136,1.1194821694583663
10,raw_h2h,BLK,25662,0.6457294337993483,54.048323865909275,24998,1.0838914024483712
10,raw_h2h,FG3M,25662,1.262225877803391,52.85625130018723,24035,1.1541034467378701
10,raw_h2h,TOV,25662,1.2352514928502774,52.635132451646214,25179,1.1590464384795724
10,raw_h2h,FG3A,25662,2.101389955873228,53.489595984130844,24702,1.1952890628135677
10,raw_h2h,OREB,25662,1.0212646733543456,52.26758719200095,25203,1.1294422667776882
10,raw_h2h,POOLED,25662,,52.57210770922766,225496,1.1551848604180388
